{"cameraMode":{"drawMode":0,"name":"Shaded","section":"Shading Mode"},"sceneLighting":false,"audioPlay":false,"sceneViewState":{"m_AlwaysRefresh":false,"showFog":true,"showSkybox":false,"showFlares":true,"showImageEffects":true,"showParticleSystems":true,"showVisualEffectGraphs":true,"m_FxEnabled":true},"in2DMode":false,"pivot":{"x":0.005506277084350586,"y":0.011080518364906311,"z":0.004361717030405998},"rotation":{"x":0.046677689999341968,"y":0.6688666939735413,"z":-0.042270176112651828,"w":0.740800142288208},"size":0.14162665605545045,"orthographic":false}