{"cameraMode":{"drawMode":0,"name":"Shaded","section":"Shading Mode"},"sceneLighting":false,"audioPlay":false,"sceneViewState":{"m_AlwaysRefresh":false,"showFog":true,"showSkybox":false,"showFlares":true,"showImageEffects":true,"showParticleSystems":true,"showVisualEffectGraphs":true,"m_FxEnabled":true},"in2DMode":false,"pivot":{"x":4.656612873077393e-10,"y":0.01562708616256714,"z":1.862645149230957e-9},"rotation":{"x":0.079299695789814,"y":0.649725079536438,"z":-0.06855440884828568,"w":0.7529955506324768},"size":0.017709823325276376,"orthographic":false}